author,title,description,publishedAt,content
Kris Holt,Apple TV+ prices have doubled in just over a year,"Apple is jacking up the prices of several of its subscription services. The price increases to Apple TV+, Apple Arcade and Apple News+ will take effect immediately for newcomers. It's not yet clear when existing subscribers will start paying the higher rates.…",2023-10-25T15:01:56Z,"Apple is jacking up the prices of several of its subscription services. The price increases to Apple TV+, Apple Arcade and Apple News+ will take effect immediately for newcomers. It's not yet clear w… [+1966 chars]"
Emma Roth,"Apple TV Plus is getting a price hike — and other Apple subscriptions are, too","Apple is increasing the price on Apple Arcade, Apple News Plus, and the Apple One bundle. Apple TV Plus is going from $6.99 per month to $9.99 per month.",2023-10-25T14:04:41Z,"Apple TV Plus is getting a price hike and other Apple subscriptions are, too
Apple TV Plus is getting a price hike and other Apple subscriptions are, too
 / Apple Arcade, Apple News Plus, and the A… [+1329 chars]"
Khamosh Pathak,All the New Ways to Use Your Apple Watch,"With watchOS 10, Apple breathed new life into the Apple Watch, without even changing the hardware design. Now, watchOS finally embraces buttons, and higher information density across the board. Most importantly, in my view, are widgets, which have the potenti…",2023-11-02T13:30:00Z,"With watchOS 10, Apple breathed new life into the Apple Watch, without even changing the hardware design. Now, watchOS finally embraces buttons, and higher information density across the board. Most … [+4059 chars]"
Simon Hill,Apple HomeKit Secure Video: Pros and Cons,"Shopping for a security camera or video doorbell? Before you go all-in on Apple’s framework, there are some things to consider.",2023-11-08T11:02:55Z,"If you're shopping for indoor or outdoor security cameras, video doorbells, or a mix of all three to cover your property, finding a system you can trust is tougher than it should be. Between security… [+2788 chars]"
Jennifer Pattison Tuohy,How to connect a Nest Thermostat to Apple Home through Matter,The Nest Thermostat now works with Apple Home thanks to Matter. Follow this guide to set up and control Google’s smart thermostat in the Apple Home app.,2023-10-30T15:30:39Z,"How to connect a Nest Thermostat to Apple Home through Matter
How to connect a Nest Thermostat to Apple Home through Matter
 / Googles smart thermostat can finally work directly with Apple Home usi… [+3999 chars]"
Jessica Kanzler,This 6th-Gen iPad Is $150 Right Now,"This Apple iPad 6th-generation is on sale for $149 right now (reg. $250). It comes with a grade “B” refurbished rating, so there might be light scuffs or scratches on the body, but none on the screen. It has a 9.7-inch Retina display with 2048x1536 resolution…",2023-11-10T13:00:00Z,"This Apple iPad 6th-generation is on sale for $149 right now (reg. $250). It comes with a grade B refurbished rating, so there might be light scuffs or scratches on the body, but none on the screen. … [+391 chars]"
Kris Holt,Apple HomePods now have native YouTube Music support,"The Venn diagram of HomePod
 owners and YouTube Music
 subscribers probably doesn't have a lot of overlap. However, those who use both Apple's speakers and Google's music streaming service may be pleased to learn that the two now play more nicely together. …",2023-10-23T18:04:28Z,"The Venn diagram of HomePod
 owners and YouTube Music
 subscribers probably doesn't have a lot of overlap. However, those who use both Apple's speakers and Google's music streaming service may be p… [+1487 chars]"
Will Shanklin,Apple reportedly plans to totally redesign its TV app,"Apple is reportedly set to overhaul the Apple TV app. On Tuesday, Bloomberg’s Mark Gurman reported that the company plans to consolidate its video offerings, placing them exclusively in the TV app on all its devices. Citing “people with knowledge of the matte…",2023-10-24T19:45:06Z,"Apple is reportedly set to overhaul the Apple TV app. On Tuesday, Bloombergs Mark Gurman reported that the company plans to consolidate its video offerings, placing them exclusively in the TV app on … [+1764 chars]"
Emma Roth,Apple reportedly cut a deal to get cleaner Amazon pages,"Apple and Amazon have a deal that prevents ads from appearing on product pages and search results for new Apple products, like the latest iPhone, MacBook, or iPad, according to Insider.",2023-11-10T22:42:03Z,"Apple reportedly cut a deal to get cleaner Amazon pages
Apple reportedly cut a deal to get cleaner Amazon pages
 / Apple makes Amazon limit ads from competing brands on Apple product pages and sear… [+2698 chars]"
Steve Dent,Apple Watch battery drain issues to be fixed in upcoming watchOS update,"Last week, a number of Apple Watch owners noticed that their batteries were draining much quicker than normal after they installed the latest watchOS version 10.1. Now, Apple has acknowledged the issue in an internal memo seen by MacRumors, and promised that …",2023-11-06T09:05:54Z,"Last week, a number of Apple Watch owners noticed that their batteries were draining much quicker than normal after they installed the latest watchOS version 10.1. Now, Apple has acknowledged the iss… [+1162 chars]"
Kate O'Flaherty,"Apple, Google, and Microsoft Just Patched Some Spooky Security Flaws","Plus: Major vulnerability fixes are now available for a number of enterprise giants, including Cisco, VMWare, Citrix, and SAP.",2023-10-31T11:00:00Z,"Another scary flaw in the System tracked as CVE-2023-40129 is rated as critical. The [vulnerability] could lead to remote code execution with no additional execution privileges needed, Google said.
… [+3129 chars]"
Brenda Stolyar,"Apple iMac (M3, 24-Inch) Review: Same Beauty, More Power","This M3-powered all-in-one desktop delivers the same beauty and ease of use as its predecessor, just now with more oomph.",2023-11-10T12:00:00Z,"when the 24-inch iMac first debuted in 2020, it felt like the sun finally breaking through the clouds on an overcast day. The candy-colored lineup was a sweet respite from Apple's monotonous aestheti… [+2515 chars]"
Jessica Kanzler,This $230 Refurbished iPad Comes With Beats Headphones,This grade “A” refurbished 7th-generation Apple iPad comes with open-box Beats Flex wireless headphones and a complete set of accessories for $229.99 (reg. $299.99). Read more...,2023-11-03T15:30:00Z,"This grade A refurbished 7th-generation Apple iPad comes with open-box Beats Flex wireless headphones and a complete set of accessories for $229.99 (reg. $299.99). 
Grade-A devices are in near-mint … [+1014 chars]"
Simon Hill,How the Apple TV 4K Quickly Became My Favorite Streaming Device,This premium streaming box is a top-notch smart home hub and should be the heart of any Apple household.,2023-11-07T12:00:00Z,"For years, I've had recurring problems using smart home devices on Apples HomeKit ecosystem. A string of security cameras and video doorbells, most notably the Logitech Circle View Doorbell, would wo… [+3658 chars]"
Emma Roth,Apple plans ‘Scary Fast’ product event just before Halloween,"Apple is planning a streaming event on October 30th at 8PM ET. The invitation doesn’t say what’s in store, but recent rumors suggest we could see updates for the iMac and MacBook Pro.",2023-10-24T16:16:04Z,"Apple plans Scary Fast product event just before Halloween
Apple plans Scary Fast product event just before Halloween
 / Apples event on October 30th will be streaming online what are we going to s… [+1137 chars]"
Simon Lucas,"Huawei Freebuds Pro 3 Review: Sophisticated Sound, Lackluster Noise Cancelling","These new pro earbuds have a surprisingly convincing soundstage—but at this price why would you buy them over Apple, Bose, Sony or the rest?",2023-11-10T14:00:00Z,"Tricky is to understate Huaweis position in much of the world outside its native China more than somewhat. Few are the electronics companies that are the subject of sanction by nation states, and few… [+2615 chars]"
Daniel Oropeza,These Apple AirPods Are Only $69 During Walmart's Early Black Friday Sale,"Walmart’s early Black Friday deals are now live, with deals on smartwatches, laptops, TVs, and vacuums. They are the third major retailer after Target and Best Buy to kick off their Black Friday deals. Early Black Friday deals are actually good this year, and…",2023-11-08T23:00:00Z,"Walmarts early Black Friday deals are now live, with deals on smartwatches, laptops, TVs, and vacuums. They are the third major retailer after Target and Best Buy to kick off their Black Friday deals… [+1577 chars]"
Karissa Bell,Apple reportedly pulls ads from X amid a growing backlash to antisemitic content on the platform,"Another major advertiser is pulling its ads from X amid a growing backlash to antisemitic content on the platform. Axios reports
 that Apple has opted to “pause” all advertising on the platform after its ads were discovered near pro-Nazi posts and X owner El…",2023-11-17T20:58:49Z,"Another major advertiser is pulling its ads from X amid a growing backlash to antisemitic content on the platform. Axiosreports
 that Apple has opted to pause all advertising on the platform after i… [+1438 chars]"
Will Shanklin,Apple Watch is now live with Double Tap — here's how to customize the gesture on watchOS 10.1,"Double Tap is arguably the killer feature in the new Apple Watch Series 9 and Apple Watch Ultra 2. The gesture is Apple’s answer to the problem of using a smartwatch when your opposite hand is holding a bag of groceries, dog leash, flashlight or anything else…",2023-10-27T13:30:21Z,Double Tap is arguably the killer feature in the new Apple Watch Series 9 and Apple Watch Ultra 2. The gesture is Apples answer to the problem of using a smartwatch when your opposite hand is holding… [+4136 chars]
Emma Roth,Apple Pay Later is rolling out to all users in the US,"Apple Pay Later now appears to be available to all users in the US. While the buy now, pay later service was launched in early access in March, it was only available to a limited number of users.",2023-10-24T22:17:36Z,"Apple Pay Later is rolling out to all users in the US
Apple Pay Later is rolling out to all users in the US
 / Apple Pay Later was launched in early access in March, but now it appears to be availa… [+2177 chars]"
Kyle Barr,That Apple Pencil With Slide-Out USB-C Is Now Ready to Order,"All those pencil pushers out there chomping at the bit for an Apple-brand USB-C stylus no longer have to wait. On Wednesday, Apple put its new Apple Pencil with USB-C up for order, and customers can expect delivery beginning Nov. 3.Read more...",2023-11-01T17:55:00Z,"All those pencil pushers out there chomping at the bit for an Apple-brand USB-C stylus no longer have to wait. On Wednesday, Apple put its new Apple Pencil with USB-C up for order, and customers can … [+1672 chars]"
Stephanie Barnes,Apple finally kills off the 13-inch Touch Bar MacBook Pro,"Apple's Scary Fast event was an unexpected but welcome treat for Mac fans this season. And in true Halloween slasher movie fashion, Apple has officially ended the life of one of its most controversial laptops: the 13-inch MacBook Pro. For years, this model wa…",2023-10-31T00:40:08Z,"Apple's Scary Fast event was an unexpected but welcome treat for Mac fans this season. And in true Halloween slasher movie fashion, Apple has officially ended the life of one of its most controversia… [+2204 chars]"
Kris Holt,Apple M3 MacBook Pros are up to $200 off for Black Friday,"It has only been a couple of weeks since Apple debuted its M3-powered MacBook Pros, but most variants are already on sale for Black Friday. For instance, you can snap up the base 14-inch M3 MacBook Pro for $1,449
. That's $150 off the standard price.
This mo…",2023-11-17T17:50:43Z,"It has only been a couple of weeks since Apple debuted its M3-powered MacBook Pros, but most variants are already on sale for Black Friday. For instance, you can snap up the base 14-inch M3 MacBook P… [+1932 chars]"
Valentina Palladino,The third-gen Apple AirPods are down to $140 in Amazon's Black Friday sale,"Apple’s third-gen AirPods have dropped back down to a record-low price for the Black Friday shopping season. This $30 discount comes back around every so often, but it remains rare in the world of AirPod discounts. That also means that these buds tend to sell…",2023-11-17T14:55:07Z,"Apples third-gen AirPods have dropped back down to a record-low price for the Black Friday shopping season. This $30 discount comes back around every so often, but it remains rare in the world of Air… [+2134 chars]"
Cheyenne MacDonald,A four-pack of Apple AirTags is down to $80 in an Amazon Black Friday deal,"You can get a four-pack of Apple AirTags at nearly their lowest price ever right now in a Black Friday deal on Amazon
. Thanks to a 19 percent discount, the multipack is just $80. That’s like getting four AirTags — normally $30 individually — for $20 apiece.…",2023-11-19T15:13:23Z,"You can get a four-pack of Apple AirTags at nearly their lowest price ever right now in a Black Friday deal on Amazon
. Thanks to a 19 percent discount, the multipack is just $80. Thats like getting… [+1645 chars]"
Jeff Dunn,How to pre-order the new Apple MacBook Pros and iMac with M3,"Apple's ""Scary Fast"" event is in the books, and a new set of Macs have arrived in its wake. The company unveiled three new computers on Monday, including refreshed versions of the 14- and 16-inch MacBook Pro and an updated 24-inch iMac. Each device is mostly …",2023-10-31T01:33:25Z,"Apple's ""Scary Fast"" event is in the books, and a new set of Macs have arrived in its wake. The company unveiled three new computers on Monday, including refreshed versions of the 14- and 16-inch Mac… [+6947 chars]"
Sam Rutherford,Apple updates its 14-inch and 16-inch MacBook Pros with new M3 chips,"On Monday at its “Scary Fast” event, Apple announced an updated line of 14- and 16-inch MacBook Pros featuring a range of new M3 chips and Space Black chassis.
Compared to a similarly specced M2 model, a base M3 14-inch MacBook Pro will now start at $1,599 ($…",2023-10-31T00:30:15Z,"On Monday at its Scary Fast event, Apple announced an updated line of 14- and 16-inch MacBook Pros featuring a range of new M3 chips and Space Black chassis.
Compared to a similarly specced M2 model… [+2618 chars]"
Megan Wollerton,The best smart plugs,"The best smart plugs for Apple Home, Google Home, Alexa, and SmartThings, whether you need Matter support, dimming, outdoor smart plugs for holiday lights, or energy monitoring.",2023-10-26T16:41:58Z,"These misleadingly simple gadgets are some of the most useful smart devices you can have in your home. 
Oct 26, 2023, 4:41 PM UTC|Comments
If you buy something from a Verge link, Vox Media may earn… [+14575 chars]"
Jay Peters,Apple updates iOS so BMW’s wireless charging won’t break your iPhone 15,"Apple just released iOS 17.1.1, and it has fixes for a nasty BMW in-car charging bug and for a weird issue with the lock screen weather widget.",2023-11-07T22:53:03Z,"Apple updates iOS so BMWs wireless charging wont break your iPhone 15
Apple updates iOS so BMWs wireless charging wont break your iPhone 15
 / iOS 17.1.1 has a fix for a nasty bug that broke Apple … [+1727 chars]"
Devindra Hardawar,Apple's M3 chips bring ray tracing to Macs,"There's nothing truly spooky about Apple's new M3 chips — except, perhaps, for how scared they'll make Intel, AMD and Qualcomm. During its ""Scary Fast"" Halloween Eve product event (at 8PM Eastern Apple, really?) the company officially debuted its new M3, M3 P…",2023-10-31T00:30:04Z,"There's nothing truly spooky about Apple's new M3 chips except, perhaps, for how scared they'll make Intel, AMD and Qualcomm. During its ""Scary Fast"" Halloween Eve product event (at 8PM Eastern Apple… [+3477 chars]"
Christopher Null,"Apple MacBook Pro (M3 Max, 16 Inch) Review: Untouchable Performance and Battery Life","With a new M3 processor inside that juices performance across the board, the latest edition of Apple's world-class laptop smokes the competition.",2023-11-06T21:59:06Z,"All that power must eat away at battery life, right? Surprise: Battery performance has gone way, way up. While WIRED reported a mere 12 hours of running time on the older M2 model, I got a jaw-droppi… [+2313 chars]"
Devindra Hardawar,MacBook Pro 14-inch and 16-inch review: An M3 chip for every situation,"Apple's confusing laptop family finally makes sense this year. The long-rumored 15-inch MacBook Air arrived months ago, and the company surprised us by delivering two MacBook Pro revisions in less than 12 months. While I appreciated the speed bump that the M2…",2023-11-06T14:00:48Z,"Apple's confusing laptop family finally makes sense this year. The long-rumored 15-inch MacBook Air arrived months ago, and the company surprised us by delivering two MacBook Pro revisions in less th… [+9436 chars]"
Julian Chokkattu,Nothing Chats First Look: iMessage on Android,The app makes your texts appear in blue chat bubbles on your iOS friends’ phones. But there’s a cost.,2023-11-17T17:16:19Z,"Having predominantly usedAndroid phones, I am far too familiar with the stigma of being a green bubble. Whenever I message someone with an iPhone, my texts show up in iMessage, the default messaging … [+3169 chars]"
Kris Holt,Apple's 'Scary Fast' Mac event: Everything announced about M3 MacBook Pro and M3 iMac,"It’s perhaps The Addams Family’s favorite time of year, but Apple’s pre-Halloween “Scary Fast” event was neither mysterious nor spooky. Thanks to M3 chip leaks and rumors, all of the company’s announcements were largely expected. And though the showcase inexp…",2023-10-31T15:30:56Z,"Its perhaps The Addams Familys favorite time of year, but Apples pre-Halloween Scary Fast event was neither mysterious nor spooky. Thanks to M3 chip leaks and rumors, all of the companys announcement… [+5622 chars]"
Jake Peterson,You Don't Need to Buy a Desktop to Get the Most Power in a Mac Anymore,"These days, we have the luxury of choice when it comes to computers, especially Macs: If all you do is light work, internet browsing, and content consumption, you don’t have to spend much at all for a very capable Mac. On the flip side, if your job or hobbies…",2023-11-02T17:30:00Z,"These days, we have the luxury of choice when it comes to computers, especially Macs: If all you do is light work, internet browsing, and content consumption, you dont have to spend much at all for a… [+4239 chars]"
Monica Chin,"Snapdragon claims its new X Elite processor will beat Apple, Intel, and AMD","Snapdragon has announced its new X Elite processor, which is expected to ship in mid-2024. The company claims it will beat top chips from Intel, Apple, and AMD on select benchmarks.",2023-10-24T22:16:27Z,"Qualcomm claims its new X Elite processor will beat Apple, Intel, and AMD
Qualcomm claims its new X Elite processor will beat Apple, Intel, and AMD
 / Models will begin shipping in mid-2024.
ByMon… [+2598 chars]"
Kris Holt,The 10th-gen Apple iPad is at its lowest price ever in an Amazon Black Friday deal,"There’s a good iPad
 deal to be found if you're looking for an entry-level model. The 10th-generation iPad has dropped to its lowest price ever. The 64GB WiFi variant is down to $349 for Black Friday. That's $100 off and $30 less than the previous low. You c…",2023-11-17T16:05:53Z,"Theres a good iPad
 deal to be found if you're looking for an entry-level model. The 10th-generation iPad has dropped to its lowest price ever. The 64GB WiFi variant is down to $349 for Black Friday… [+1874 chars]"
David Pierce,Apple’s Journal app is kind of smart — and kind of basic,"Apple Journal comes with iOS 17.2 and includes features for saving photos, video, text, and more. It also includes a suggestions API that uses AI to try and guess which moments matter most.",2023-10-28T13:15:00Z,"Apples Journal app is kind of smart and kind of basic
Apples Journal app is kind of smart and kind of basic
 / Using everything your phone knows about you to help you chronicle your life is a fasci… [+6169 chars]"
Chris Welch,"Apple’s future AirPods roadmap just leaked, and big changes are coming",Apple plans to launch two pairs of fourth-generation AirPods in 2024 to better differentiate the various models in its lineup. New AirPods Max and Pros are also in the pipeline.,2023-10-25T18:13:09Z,"Apples future AirPods roadmap just leaked, and big changes are coming
Apples future AirPods roadmap just leaked, and big changes are coming
 / The third-generation model reportedly hasnt sold as we… [+2337 chars]"
Jay Peters,Resident Evil Village on the iPhone could be a preview of Apple’s gaming future,"Resident Evil Village plays really well on an iPhone, but the game’s graphics aren’t the most interesting thing going on with it — I’m much more excited for what it might be teasing for Apple and Mac gaming in the future.",2023-10-30T12:00:00Z,"Resident Evil Village on the iPhone could be a preview of Apples gaming future
Resident Evil Village on the iPhone could be a preview of Apples gaming future
 / I hope that Apples excellent custom … [+7293 chars]"
Florence Ion,Android Users to Get Apple-like Login Features This Week,"Android users can finally join the realm of the easy login life. Google revealed Monday that Credential Manager will arrive on Android devices beginning Nov. 1, ushering in the next phase of the company’s conversion to passkeys. This also means Android users …",2023-10-30T21:20:00Z,"Android users can finally join the realm of the easy login life. Google revealed Monday that Credential Manager will arrive on Android devices beginning Nov. 1, ushering in the next phase of the comp… [+2164 chars]"
Cheryl Eddy,Apple TV+ Just Jacked Up Its Prices (Again),"You just dug deeper into your wallet for Netflix—so perhaps it’s no surprise that Apple TV+ is now demanding the same. Almost a year to the day after its first price hike since its 2019 launch, Apple TV+ is increasing from $6.99 to $9.99 monthly; annual plans…",2023-10-25T16:12:00Z,"You just dug deeper into your wallet for Netflixso perhaps its no surprise that Apple TV+ is now demanding the same. Almost a year to the day after its first price hike since its 2019 launch, Apple T… [+1490 chars]"
Kyle Barr,We Might Finally Get an OLED Apple iPad Next Year,"This past year was a weird time for Apple. The company revealed two new MacBook Pros within ten months. It showed off the massive gamble that is its $3,500 Vision Pro headset. Its latest Apple Watches were a very bare refresh. Plus, the company didn’t reveal …",2023-11-09T18:40:00Z,"This past year was a weird time for Apple. The company revealed two new MacBook Pros within ten months. It showed off the massive gamble that is its $3,500 Vision Pro headset. Its latest Apple Watche… [+2070 chars]"
Pranav Dixit,Live in Washington D.C.? You might be able to get free AirTags for your car,"The city of Washington D.C. will distribute free Apple AirTags to residents in certain neighborhoods, mayor Muriel Bowser announced on Wednesday. The aim: to make stolen cars easier for police to track down.
“We are equipping residents with technology that wi…",2023-11-03T20:26:16Z,"The city of Washington D.C. will distribute free Apple AirTags to residents in certain neighborhoods, mayor Muriel Bowser announced on Wednesday. The aim: to make stolen cars easier for police to tra… [+1576 chars]"
Cheyenne MacDonald,Apple's upgraded 2nd-gen AirPods Pro with USB-C are $50 off right now,"Apple’s refreshed second-generation AirPods Pro
 are down to just $200 on Amazon in a discount almost as good as we saw during October’s Prime Day event. The deal cuts $50 off the normal price of $250. The second-generation AirPods Pro got an upgrade in Sept…",2023-10-29T18:24:21Z,"Apples refreshed second-generation AirPods Pro
 are down to just $200 on Amazon in a discount almost as good as we saw during Octobers Prime Day event. The deal cuts $50 off the normal price of $250… [+1553 chars]"
Kris Holt,"The Resident Evil 4 remake will hit iPhone 15 Pro, iPad and Mac on December 20","If you happen to open up a gift containing an iPhone 15 Pro, a iPad or even an M3-powered MacBook Pro
 this holiday season, you'll be able to play one of this year's biggest games on your new device pretty swiftly. Capcom has announced that the Resident Evil…",2023-11-08T17:29:20Z,"If you happen to open up a gift containing an iPhone 15 Pro, a iPad or even an M3-powered MacBook Pro
 this holiday season, you'll be able to play one of this year's biggest games on your new device… [+1372 chars]"
Maxwell Zeff,"The iPhone 16 Could Be Cooler Than the iPhone 15, Literally","Apple may have found a solution to the iPhone 15’s overheating problems by using a graphene heat sink in its newer models, according to a leak reported by 9to5Mac Thursday. The solution, if true, should keep the iPhone 16 cool, especially with early word that…",2023-11-16T16:30:00Z,"Apple may have found a solution to the iPhone 15s overheating problems by using a graphene heat sink in its newer models, according to a leak reported by 9to5Mac Thursday. The solution, if true, shou… [+1519 chars]"
https://www.facebook.com/bbcnews,Apple sales dip again despite iPhone boost,Apple says that sales have dropped for the fourth quarter in a row despite a boost from iPhones.,2023-11-02T22:57:47Z,"Apple sales have continued to fall, despite strong demand for its iPhones and services like streaming platform Apple TV+.
The tech giant says revenues dipped 1% to $89.5bn (£73.3bn) in the three mon… [+2176 chars]"
Joe Rossignol,"Apple TV+, Apple Arcade, and Apple News+ Receiving Price Increases","Apple is increasing the prices of some services, including Apple TV+, Apple Arcade, and Apple News+, across the U.S. and some other countries around the world.





The price changes in the U.S. are as follows:<ul><li>Apple TV+: $6.99 per month → $9.99 per mo…",2023-10-25T13:46:15Z,"Apple is increasing the prices of some of its subscription-based services, including Apple TV+, Apple Arcade, and Apple News+, across the U.S. and some other countries around the world.
The price ch… [+439 chars]"
Mat Smith,The Morning After: YouTube is seriously cracking down on ad blockers,"YouTube’s no longer just experimenting with ad-dodging viewers. The platform has gone all out in its fight against add-ons, extensions and programs that prevent it from serving ads to viewers worldwide, it confirmed to Engadget.
“The use of ad blockers violat…",2023-11-02T11:15:32Z,"YouTubes no longer just experimenting with ad-dodging viewers. The platform has gone all out in its fight against add-ons, extensions and programs that prevent it from serving ads to viewers worldwid… [+3745 chars]"
https://www.facebook.com/bbcnews,Apple alert: Indian opposition leaders raise alarm about warning,Around a dozen opposition MPs say they got an alert about 'state-sponsored attackers' targeting their phone.,2023-10-31T10:49:57Z,"A row has broken out in India after several opposition leaders and journalists received a warning from Apple about ""state-sponsored attackers"" targeting their phone.
The alert did not specify who th… [+3804 chars]"
Jon Fingas,The best multi-device wireless charging pads for 2023,"You probably own a ton of gear that supports wireless charging now, but if you want to make your setup as cordless as possible, a single-device pad just won't cut it. There are tons of multiple-item wireless chargers available now, but picking one can be a he…",2023-11-01T12:05:57Z,"You probably own a ton of gear that supports wireless charging now, but if you want to make your setup as cordless as possible, a single-device pad just won't cut it. There are tons of multiple-item … [+6475 chars]"
Jorge Jimenez,Apple iMac (2023) Review: One Foot in the Future and the Past,"It’s been over two years since Apple released its all-in-one desktop after skipping the entire M2 generation of chips, leaving us wondering when the iMac would make its dramatic return. The iMac comes in seven fun colors, is powered by Apple’s fancy new M3, a…",2023-11-16T19:15:00Z,"Its been over two years since Apple released its all-in-one desktop after skipping the entire M2 generation of chips, leaving us wondering when the iMac would make its dramatic return. The iMac comes… [+5574 chars]"
Khamosh Pathak,There Are Four Ways to Turn Off Your iPhone,"iPhones are, by design, pretty easy to set up and use. But while it’s almost second-nature to turn on your new iPhone, it’s not clear how to shut it off. You press and hold the power button, expecting some kind of shut down option, but it just triggers Siri. …",2023-10-24T16:00:00Z,"iPhones are, by design, pretty easy to set up and use. But while its almost second-nature to turn on your new iPhone, its not clear how to shut it off. You press and hold the power button, expecting … [+2098 chars]"
Joel Cunningham,12 Walmart Early Black Friday Deals Actually Worth Your Attention,"Long past are the days when one simply had to set an absurdly early alarm on the day after Thanksgiving and head out into the chill air to stand in line at a big box retailer to take advantage of once-in-a-year sales and deals. In 2023, “Black Friday” has bec…",2023-11-08T21:00:00Z,Long past are the days when one simply had to set an absurdly early alarm on the day after Thanksgiving and head out into the chill air to stand in line at a big box retailer to take advantage of onc… [+5714 chars]
tips@androidcentral.com (Nickolas Diaz),"Apple almost made an Android-compatible Apple Watch, says report","An Android-compatible Apple Watch never came to fruition because feared an Android-compatible watch would've 'diluted' its value, says one report.",2023-11-02T19:04:57Z,"<ul><li>During Apple's report on its future health-based plans for its smartwatch, it briefly discussed its previous aspiration of making it compatible with Android.</li><li>This would've brought all… [+2527 chars]"
Jessica Kanzler,You Can Get a 3rd Generation iPad Air for $280,"Right now, this 2019 3rd-generation iPad Air is $279.97 (reg. $629) through Nov. 9. This tablet has 64GB of storage for apps and 4GB RAM to help keep things running well even when multitasking. Its 10.5"" screen gives you a wide viewing surface and multi-touch…",2023-11-01T14:00:00Z,"Right now, this 2019 3rd-generation iPad Air is $279.97 (reg. $629) through Nov. 9. This tablet has 64GB of storage for apps and 4GB RAM to help keep things running well even when multitasking. Its 1… [+522 chars]"
Mat Smith,The Morning After: Samsung pays tribute to its flip phone past with limited-edition foldable,"Samsung has unveiled the Galaxy Z Flip 5 Retro, a limited-edition foldable that pays homage to the SGH-E700 (AKA the SGH-E715 in the US), which came out 20 years ago in 2003. It has the same indigo blue and silver color combo as the original and a few special…",2023-10-30T11:16:18Z,"Samsung has unveiled the Galaxy Z Flip 5 Retro, a limited-edition foldable that pays homage to the SGH-E700 (AKA the SGH-E715 in the US), which came out 20 years ago in 2003. It has the same indigo b… [+3391 chars]"
Tim Hardwick,Apple Promotes New Apple Pay UK Bank Account Balance Feature,"Apple today highlighted the ability in iOS 17.1 for UK users to connect their credit and debit cards in Apple Wallet and easily access information like balance, spending history, payments, deposits, and withdrawals. 





Users can view their up-to-date debit…",2023-11-16T10:50:37Z,"Apple today highlighted the ability in iOS 17.1 for UK users to connect their credit and debit cards in Apple Wallet and easily access information like balance, spending history, payments, deposits, … [+1458 chars]"
Florence Ion,Apple Gives iPhone 14 Users an Extra Year of Emergency SOS Via Satellite,"Good news, iPhone users. A year after introducing the feature to its walled garden, Apple has extended free access to Emergency SOS via satellite to the iPhone 14/14 Pro for another year. As previously expected, you get three years of Emergency SOS via satell…",2023-11-15T21:30:00Z,"Good news, iPhone users. A year after introducing the feature to its walled garden, Apple has extended free access to Emergency SOS via satellite to the iPhone 14/14 Pro for another year. As previous… [+1907 chars]"
Cheryl Eddy,Apple TV+'s The Enfield Poltergeist Pokes Into the Case That Inspired The Conjuring 2,"If you’ve seen The Conjuring 2—or even if you’re just a fan of ghost lore—you know the broad strokes of the story behind The Enfield Poltergeist, based on a much-publicized haunting case in late-1970s north London. Just in time for Halloween, the new Apple TV…",2023-10-25T21:45:00Z,"If youve seenThe Conjuring 2or even if youre just a fan of ghost loreyou know the broad strokes of the story behind The Enfield Poltergeist, based on a much-publicized haunting case in late-1970s nor… [+1767 chars]"
Amy Skorheim,"Walmart Black Friday deals 2023: Save $50 on the Apple Watch Series 9, plus up to 70 percent on AirPods, Roku devices and more",Walmart has already kicked of its Black Friday sale. That's good news for anyone who wants to spend the day after Thanksgiving doing something other than shopping. The early Black Friday deals went live online today — Walmart+ members get a few hours of early…,2023-11-08T17:00:10Z,Walmart has already kicked of its Black Friday sale. That's good news for anyone who wants to spend the day after Thanksgiving doing something other than shopping. The early Black Friday deals went l… [+4315 chars]
Saira Mueller,"Best iPhone Deals (2023): Carrier Deals, Unlocked iPhones","Apple's smartphones rarely go on sale, but if you’re looking to upgrade (or you're gift shopping), here are a few cost-saving options.",2023-11-09T01:14:53Z,"Finding a deal on an iPhone can be tricky. Apple rarely slashes prices on its hardware like other brands. But that doesn't mean they're non-existent. With Black Friday around the corner, carriers are… [+4145 chars]"
Pranav Dixit,Humane’s Ai Pin will reportedly cost $699,"The Ai Pin from Humane, a much-hyped startup founded by former Apple employees, will cost $699. That’a according to The Verge, which obtained documents
 about the device ahead of its official launch on November 9.
In addition, the Pin will reportedly have a …",2023-11-08T23:50:18Z,"The Ai Pin from Humane, a much-hyped startup founded by former Apple employees, will cost $699. Thata according to The Verge, which obtained documents
 about the device ahead of its official launch … [+625 chars]"
andrew.myrick@futurenet.com (Andrew Myrick),Apple made the wrong decision not bringing the Apple Watch to Android,"Apple was reportedly working on making the Apple Watch compatible with Android phones. The project was then canceled, but Apple made a mistake in doing so.",2023-11-03T08:30:26Z,"Recently, a report surfaced claiming that at one point in time, Apple was actually considering making the Apple Watch compatible with Android phones. Internally, this was known as ""Project Fennel,"" a… [+6155 chars]"
Maxwell Zeff,Google Asks Regulators to Liberate Apple's Blue Text Bubbles,"Google sent a letter to European regulators asking them to free up Apple’s iMessage for all platforms, according to a report from the Financial Times Wednesday. The EU Commission said Apple is gatekeeping iMessage in September, and Google’s letter unnecessari…",2023-11-08T15:35:00Z,"Google sent a letter to European regulators asking them to free up Apples iMessage for all platforms, according to a report from the Financial Times Wednesday. The EU Commission said Apple is gatekee… [+2151 chars]"
Juli Clover,"Apple to Overhaul TV App, Remove Standalone Apps from Apple TV","Apple plans to overhaul the TV app in an effort to consolidate its Apple TV+ streaming service and its standalone movie and TV show purchase options, according to Bloomberg's Mark Gurman. A tvOS update in December will introduce the changes that Apple has pla…",2023-10-24T18:05:30Z,"Apple plans to overhaul the TV app in an effort to consolidate its Apple TV+ streaming service and its standalone movie and TV show purchase options, according to Bloomberg's Mark Gurman. A tvOS upda… [+909 chars]"
Wes Davis,Ikea launches its first smart LED strip at the right price,"Ikea has launched its first smart LED strip, the Ormanäs, with remote operation and HomeKit compatibility through the Dirigera hub.",2023-11-08T15:27:27Z,"Ikea launches its first smart LED strip at the right price
Ikea launches its first smart LED strip at the right price
 / The Ormanäs RGB LED strip is HomeKit-compatible using the Ikea Dirigera smar… [+3323 chars]"
Juli Clover,Apple Releases tvOS 17.1,"Apple today released tvOS 17.1, the first major update to the tvOS 17 operating system that initially came out in September 2023.





tvOS 17.1 can be downloaded using the Settings app on the ‌Apple TV‌. Go to System > Software Update to get the new software…",2023-10-25T17:01:00Z,"Apple today released tvOS 17.1, the first major update to the tvOS 17 operating system that initially came out in September 2023.
tvOS 17.1 can be downloaded using the Settings app on the Apple TV. … [+740 chars]"
Kyle Barr,FCC Gives Metaverse Go-Ahead to Operate on 6GHz Wi-Fi Band,All that metaverse tech — whatever that term means at this point — will get a big connectivity boost thanks to federal regulators.Read more...,2023-10-19T20:50:00Z,"All that metaverse tech whatever that term means at this point will get a big connectivity boost thanks to federal regulators.
The Federal Communications Commission (FCC) unanimously gave the thumbs… [+1955 chars]"
Jake Peterson,Evil Week: How to Spy on People With Your iPhone,"Welcome to Evil Week, our annual dive into all the slightly sketchy hacks we’d usually refrain from recommending. Want to weasel your way into free drinks, play elaborate mind games, or, er, launder some money? We’ve got all the info you need to be successful…",2023-10-31T21:00:00Z,"Welcome to Evil Week, our annual dive into all the slightly sketchy hacks wed usually refrain from recommending. Want to weasel your way into free drinks, play elaborate mind games, or, er, launder s… [+3200 chars]"
Claire Lower,"Turn Pumpkin Guts Into a Comforting, Flavorful Broth","I’m no good at carving pumpkins, but I’m quite skilled at making delicious things out of them, like mini crustless pumpkin pie and beer-brined pumpkin seeds. Still, I usually end up at least one Jack-o’-lantern, because that’s what people do this time of year…",2023-10-24T12:30:00Z,"Im no good at carving pumpkins, but Im quite skilled at making delicious things out of them, like mini crustless pumpkin pie and beer-brined pumpkin seeds. Still, I usually end up at least one Jack-o… [+2870 chars]"
Jake Peterson,You Can Now React to iMessages With Emojis and Stickers,"Not every text message needs a written response. If someone said something funny, you hit them with a “Haha” reaction. If you’re good with a proposed plan, reaction with a thumbs up sends the same message as, “Sounds good!”Read more...",2023-10-27T22:00:00Z,"Not every text message needs a written response. If someone said something funny, you hit them with a Haha reaction. If youre good with a proposed plan, reaction with a thumbs up sends the same messa… [+2583 chars]"
Joe Rossignol,watchOS Update Coming Soon With Fix for Apple Watch Battery Drain,"Apple is preparing a fix for an issue causing some Apple Watches to experience excessive battery drain after being updated to watchOS 10.1, the company said today in an internal memo shared with Apple Authorized Service Providers.





In the memo, which MacR…",2023-11-04T20:36:37Z,"Apple is preparing a fix for an issue causing some Apple Watches to experience excessive battery drain after being updated to watchOS 10.1, the company said today in an internal memo shared with Appl… [+1488 chars]"
Joe Rossignol,Kuo: No Apple Watch Ultra 3 Next Year?,"There are currently no signs of an ""Apple Watch Ultra 3"" being in development within Apple's supply chain, analyst Ming-Chi Kuo said today. As a result, he believes the likelihood of a new Apple Watch Ultra being released in 2024 is ""decreasing.""





""If App…",2023-10-26T12:45:39Z,"There are currently no signs of an ""Apple Watch Ultra 3"" being in development within Apple's supply chain, analyst Ming-Chi Kuo said today. As a result, he believes the likelihood of a new Apple Watc… [+980 chars]"
Juli Clover,Six Months of Free Apple Music Available to PlayStation 5 Owners,"As part of an effort to promote Apple Music on the PlayStation, Apple is offering PlayStation 5 owners up to six months of free access to the ‌Apple Music‌ streaming service.





PlayStation 5 owners will need to sign into the PlayStation Network, download t…",2023-11-15T23:15:50Z,"As part of an effort to promote Apple Music on the PlayStation, Apple is offering PlayStation 5 owners up to six months of free access to the ‌Apple Music‌ streaming service.
PlayStation 5 owners wi… [+874 chars]"
Tim Hardwick,Apple Music Classical Comes to iPad,"Apple Music Classical was updated on the App Store today and extends availability beyond iPhone and Android to bring it to iPads for the first time (via 9to5Mac). Apple released Apple Music Classical on the Google Play Store in March.





Version 1.1 of Appl…",2023-11-16T09:39:43Z,Apple Music Classical was updated on the App Store today and extends availability beyond iPhone and Android to bring it to iPads for the first time (via 9to5Mac). Apple released Apple Music Classical… [+1514 chars]
Juli Clover,watchOS 10.1 Fixes Apple Watch Weather Complication Bug,"The watchOS 10.1 update that came out today fixes a bug that was causing Weather complications not to load properly on Apple Watch faces. First reported in September, the issue resulted in blank Weather complications even when the Weather app was working as i…",2023-10-25T21:48:23Z,"The watchOS 10.1 update that came out today fixes a bug that was causing Weather complications not to load properly on Apple Watch faces. First reported in September, the issue resulted in blank Weat… [+1057 chars]"
Joe Rossignol,Apple Says There Won't Be a 27-Inch iMac With Apple Silicon,"Apple has confirmed to The Verge that it has no plans to release a new 27-inch iMac with Apple silicon.





From the report:Apple PR representative Starlayne Meza confirmed the company’s plans to The Verge. The company encourages those who have been holding …",2023-11-06T14:05:41Z,"Apple has confirmed to The Verge that it has no plans to release a new 27-inch iMac with Apple silicon.
Apple discontinued the Intel-based 27-inch iMac and iMac Pro over the past few years, and it h… [+524 chars]"
Juli Clover,Upset With Apple's Price Increases? Here's How to Cancel Your Apple TV+ or Apple One Subscription,"Apple today announced significant price hikes for several of its services, including Apple TV+, Apple Arcade, and Apple News+. Because of the higher individual prices, the cost of the Apple One bundles have also increased.





In the U.S., ‌Apple TV+‌ is now…",2023-10-25T20:42:09Z,"Apple today announced significant price hikes for several of its services, including Apple TV+, Apple Arcade, and Apple News+. Because of the higher individual prices, the cost of the Apple One bundl… [+1876 chars]"
Wes Davis,Google Photos will soon give you more say in those AI-created video highlights,"Google Photos will generate video highlights based on people, places, and activities for iOS and Android versions of the app soon.",2023-10-24T17:00:00Z,"Google Photos will soon give you more say in those AI-created video highlights
Google Photos will soon give you more say in those AI-created video highlights
 / With the latest Google Photos update… [+2177 chars]"
Hartley Charlton,3D Movies Appear in Apple TV App Ahead of Vision Pro Launch,"3D content has begun appearing in the Apple TV app ahead of next year's Vision Pro headset launch (via FlatPanelsHD).



Screenshot of the ‌Apple TV‌ showing the new 3D content icon (via FlatPanelsHD).

tvOS 17.2's redesigned ‌Apple TV‌ app shows a large sele…",2023-11-09T14:57:00Z,"3D content has begun appearing in the Apple TV app ahead of next year's Vision Pro headset launch (via FlatPanelsHD).
tvOS 17.2's redesigned ‌Apple TV‌ app shows a large selection of movies with a s… [+890 chars]"
nicholas.sutrich@futurenet.com (Nicholas Sutrich),A new supercharged Qualcomm chipset could help Samsung beat Apple Vision Pro,Apple Vision Pro won't be available for a few more months but we're already hearing more about Samsung and Google's vision to beat Apple to the punch.,2023-11-01T21:03:51Z,<ul><li>Qualcomm is releasing a new XR chipset in Q1 2024 designed to match the power of Apple's M2 chip in the Apple Vision Pro.</li><li>Samsung is expected to use the new chipset first in its upcom… [+2272 chars]
Tim Hardwick,Potential Apple Watch Ban Issued by US Trade Tribunal in Masimo Patent Battle,"The U.S. International Trade Commission (ITC) on Thursday ordered a ban on Apple Watch imports into the country after finding that Apple violated pulse oximetry company Masimo's patents with the devices (via Reuters). 





The ban is now subject to president…",2023-10-27T10:32:20Z,The U.S. International Trade Commission (ITC) on Thursday ordered a ban on Apple Watch imports into the country after finding that Apple violated pulse oximetry company Masimo's patents with the devi… [+2008 chars]
Joe Rossignol,Amazon Alexa Now Supports Apple Podcasts in Over 40 Countries,"Alexa now natively supports Apple Podcasts on Amazon Echo and Amazon Fire TV devices in over 40 countries following the latest expansion of this integration.





Apple Podcasts for Alexa is now available in Argentina, Australia, Austria, Belgium, Brazil, Can…",2023-10-19T19:57:08Z,"Alexa now natively supports Apple Podcasts on Amazon Echo and Amazon Fire TV devices in over 40 countries following the latest expansion of this integration.
Apple Podcasts for Alexa is now availabl… [+1118 chars]"
Juli Clover,Apple Seeds First Beta of watchOS 10.2 to Developers,"Apple today seeded the first beta of an upcoming watchOS 10.2 update to developers for testing purposes, with the beta coming a day after the launch of watchOS 10.1.





To install the ‌watchOS 10‌ update, developers will need to open the Apple Watch app, go…",2023-10-26T17:12:31Z,"Apple today seeded the first beta of an upcoming watchOS 10.2 update to developers for testing purposes, with the beta coming a day after the launch of watchOS 10.1.
To install the watchOS 10 update… [+568 chars]"
Daniel Cooper,The Morning After: Is the M3 iMac worth it?,"Unlike many of my peers, I prefer desktops to laptops, so I’m always excited when a new iMac rolls off the production line. I’ve had my eye on one for a while, especially now it’s packing an M3 chip
 with all the power that promises. Sadly for me and other d…",2023-11-13T12:15:22Z,"Unlike many of my peers, I prefer desktops to laptops, so Im always excited when a new iMac rolls off the production line. Ive had my eye on one for a while, especially now its packing anM3 chip
 wi… [+3194 chars]"
Oliver Haslam,"Accessorize Your iPhone, Mac and More From Just $4 at Woot - CNET","Whether it's a new iPhone case, an Apple Watch band or a new charger, Woot has first-party Apple accessory deals for you right now.",2023-11-02T16:48:09Z,Picking up official Apple accessories for all of your devices can be an expensive endeavor. But that's something that Woot is helping out with right now with a number of Apple accessories available a… [+1377 chars]
Kyle Barr,"The MacBook Pro is Back in Black, Now Powered with M3","It’s Halloween eve, and Apple brought along a few new desktop products to bask in the dark joys of spooky season, most notably a new Space Black color for the company’s leading laptops. Gizmodo had the opportunity to trick or treat through the new M3-powered …",2023-10-31T02:35:00Z,"Its Halloween eve, and Apple brought along a few new desktop products to bask in the dark joys of spooky season, most notably a new Space Black color for the companys leading laptops. Gizmodo had the… [+1634 chars]"
Juli Clover,Apple Releases WatchOS 10.1.1 With Fix for Apple Watch Battery Drain Bug,"Apple today released watchOS 10.1.1, a bug fix update for the watchOS 10 operating system that first came out in September. watchOS 10.1.1 comes two weeks after the launch of watchOS 10.1, an update that brought Double Tap and NameDrop support.





‌‌watchOS…",2023-11-07T21:14:55Z,"Apple today released watchOS 10.1.1, a bug fix update for the watchOS 10 operating system that first came out in September. watchOS 10.1.1 comes two weeks after the launch of watchOS 10.1, an update … [+897 chars]"
Sam Rutherford,The Snapdragon X Elite is Qualcomm's most powerful chip to date,"On Tuesday, at its annual Snapdragon Summit in Hawaii, Qualcomm announced a major addition to its line of mobile chips with the Snapdragon X Elite, which the company is calling its most powerful processor to date. 
The Arm-based Snapdragon X Elite is the succ…",2023-10-24T19:00:04Z,"On Tuesday, at its annual Snapdragon Summit in Hawaii, Qualcomm announced a major addition to its line of mobile chips with the Snapdragon X Elite, which the company is calling its most powerful proc… [+2663 chars]"
Will Knight,Sam Altman’s Sudden Exit Sends Shockwaves Through OpenAI and Beyond,"Microsoft’s Satya Nadella reportedly “furious” following Altman's dramatic departure from OpenAI Friday. Meanwhile, OpenAI’s president and three senior researchers have resigned.",2023-11-18T17:01:11Z,"Earlier this month, Altman hosted OpenAIs first developer conference and announced a plan to create an app store for AI agents built on top of its technology. Altman was also courting Middle East sov… [+2644 chars]"
Joe Rossignol,Apple Discontinued These 5 Products in 2023,"As the end of 2023 approaches, now is a good opportunity to look back at some of the devices and accessories that Apple discontinued throughout the year.





Apple products discontinued in 2023 include the iPhone 13 mini, 13-inch MacBook Pro, MagSafe Battery…",2023-11-08T17:12:41Z,"As the end of 2023 approaches, now is a good opportunity to look back at some of the devices and accessories that Apple discontinued throughout the year.
Apple products discontinued in 2023 include … [+2949 chars]"
Chuong Nguyen,"Dealmaster: Big early Black Friday display sale, Apple deals, and more","Hot TV deals, laptops galore, Apple gear, and more ahead of Black Friday.",2023-11-01T20:20:31Z,"Enlarge/ The fastest 4K monitor.
6 with 
Black Friday sales are starting earlier and earlier with each passing year, and the savings can be big if you catch them. For today's Dealmaster, we've grab… [+14452 chars]"
Kevin Purdy,Apple slides from 2013 skewer Android as “a massive tracking device”,But Apple also wanted to know what results users clicked on Google from iPhones.,2023-11-02T20:13:20Z,"Enlarge/ It just reads different in that typeface.
16 with 
""Here is [sic] the latest slides we have on privacy,"" Senior Vice President of Services Eddy Cue wrote to CEO Tim Cook and then-SVP of Ma… [+4575 chars]"
Chuong Nguyen,"Dealmaster: Save on Lenovo, Apple, tech essentials, and more","Shop early this holiday and save on tech brands like Apple, Lenovo, Bose, and Anker.",2023-10-25T19:04:30Z,"Enlarge/ Touch ID is back, as youd expect.
1 with 
With the holiday shopping season quickly approaching, it's never too early to start looking for the best deals. From home sound bars to laptops, A… [+6829 chars]"
"Jeff Dunn,Valentina Palladino","The best early Black Friday deals we found so far from Amazon, Target, Best Buy and more","With each passing year, the phrase ""Black Friday"" becomes more of a misnomer. What was once a day of post-Thanksgiving special offers has become a month of sales promotions from retailers across the web. It's happening again in 2023: Target and Best Buy are a…",2023-11-06T13:45:06Z,"With each passing year, the phrase ""Black Friday"" becomes more of a misnomer. What was once a day of post-Thanksgiving special offers has become a month of sales promotions from retailers across the … [+17009 chars]"
Eric Slivka,Apple Shares Deadlines for Ordering Holiday Gifts,"Alongside its Black Friday bonus gift card announcement, Apple has also released its holiday shipping guide in the United States and other countries that outlines deadlines for customers looking to order gifts online for arrival by December 24.





Unlike in…",2023-11-16T16:07:19Z,"Alongside its Black Friday bonus gift card announcement, Apple has also released its holiday shipping guide in the United States and other countries that outlines deadlines for customers looking to o… [+1617 chars]"
Beth Mole,Lead-tainted fruit pouches poison 22 toddlers; blood lead levels 8X threshold,Children who have eaten the recalled apple cinnamon pouches should get lead testing.,2023-11-14T15:51:03Z,"Enlarge/ The three pouches so far linked to lead contamination.
17 with 
At least 22 toddlers across at least 14 states have suffered acute lead poisoning linked to recalled apple cinnamon fruit pu… [+2876 chars]"
Juli Clover,Apple Expanding Device Repair Programs for Consumers and Independent Shops,"Apple is expanding its Self-Service Repair and Independent Repair Provider programs and will make parts, tools, and documentation needed for product repairs available to repair shops and consumers nationwide.





The news was announced by the White House as …",2023-10-24T18:29:19Z,"Apple is expanding its Self-Service Repair and Independent Repair Provider programs and will make parts, tools, and documentation needed for product repairs available to repair shops and consumers na… [+1328 chars]"
